sub_catchments,links
SC #160,link for catchment SC #160
SC #131,link for catchment SC #131
SC #132,link for catchment SC #132
SC #133,link for catchment SC #133
SC #134,link for catchment SC #134
SC #130,link for catchment SC #130
SC #128,link for catchment SC #128
SC #121,link for catchment SC #121
SC #122,link for catchment SC #122
SC #123,link for catchment SC #123
SC #124,link for catchment SC #124
SC #125,link for catchment SC #125
SC #126,link for catchment SC #126
SC #127,link for catchment SC #127
SC #90189,link for catchment SC #90189
SC #90190,link for catchment SC #90190
SC #90191,link for catchment SC #90191
SC #129,link for catchment SC #129
SC #90201,link for catchment SC #90201
